Probe_FWD,forward_primer,adapter_forward,illumina_primer,poly_N,MID,specific_forward_primer,Primername_reverse,Primer_reverse_Adaptor_2,Primer_2,poly_N_rev,specific_reverse_primer
A111AU_A,SSU 33 A,AATGATACGGCGACCACCGAGATC,TACACTCTTTCCCTACACGACGCTCTTCCGATCT,NNN,CTGCTCGAAGCG,GTACACACCGCCCGTC,R1 Mix,CAAGCAGAAGACGGCATACGAGAT,GTGACTGGAGTTCAGACGTGTGCTCTTCCGATCT,N,GCTGCYYCTTCATCGDTR
A111AU_B,SSU 33 B,AATGATACGGCGACCACCGAGATC,TACACTCTTTCCCTACACGACGCTCTTCCGATCT,NNNN,AGCGGTTTCGTT,GTACACACCGCCCGTC,R2 Mix,CAAGCAGAAGACGGCATACGAGAT,GTGACTGGAGTTCAGACGTGTGCTCTTCCGATCT,NN,GCTGCYYCTTCATCGDTR
A111AU_C,SSU 34 A,AATGATACGGCGACCACCGAGATC,TACACTCTTTCCCTACACGACGCTCTTCCGATCT,NNNNN,GACGCCCTTATC,GTACACACCGCCCGTC,R3 Mix,CAAGCAGAAGACGGCATACGAGAT,GTGACTGGAGTTCAGACGTGTGCTCTTCCGATCT,NNN,GCTGCYYCTTCATCGDTR
A132OS_A,SSU 34 B,AATGATACGGCGACCACCGAGATC,TACACTCTTTCCCTACACGACGCTCTTCCGATCT,NNNNNN,AGCAGCCTCTTT,GTACACACCGCCCGTC,R4 mix,CAAGCAGAAGACGGCATACGAGAT,GTGACTGGAGTTCAGACGTGTGCTCTTCCGATCT,NNNN,GCTGCYYCTTCATCGDTR
A132OS_B,SSU 35 A,AATGATACGGCGACCACCGAGATC,TACACTCTTTCCCTACACGACGCTCTTCCGATCT,NNN,GCGACTCATACA,GTACACACCGCCCGTC,R5 mix,CAAGCAGAAGACGGCATACGAGAT,GTGACTGGAGTTCAGACGTGTGCTCTTCCGATCT,NNNNN,GCTGCYYCTTCATCGDTR
A132OS_C,SSU 35 B,AATGATACGGCGACCACCGAGATC,TACACTCTTTCCCTACACGACGCTCTTCCGATCT,NNNN,TTAGAGAGGTGG,GTACACACCGCCCGTC,R6 mix,CAAGCAGAAGACGGCATACGAGAT,GTGACTGGAGTTCAGACGTGTGCTCTTCCGATCT,NNNNNN,GCTGCYYCTTCATCGDTR
A152WI_A,SSU 36 A,AATGATACGGCGACCACCGAGATC,TACACTCTTTCCCTACACGACGCTCTTCCGATCT,NNNNN,CGGCTACAATTT,GTACACACCGCCCGTC,R1 Mix,CAAGCAGAAGACGGCATACGAGAT,GTGACTGGAGTTCAGACGTGTGCTCTTCCGATCT,N,GCTGCYYCTTCATCGDTR
A152WI_B,SSU 36 B,AATGATACGGCGACCACCGAGATC,TACACTCTTTCCCTACACGACGCTCTTCCGATCT,NNNNNN,CACATGCTACCC,GTACACACCGCCCGTC,R2 Mix,CAAGCAGAAGACGGCATACGAGAT,GTGACTGGAGTTCAGACGTGTGCTCTTCCGATCT,NN,GCTGCYYCTTCATCGDTR
A152WI_C,SSU 38 A,AATGATACGGCGACCACCGAGATC,TACACTCTTTCCCTACACGACGCTCTTCCGATCT,NNNNN,TGTGATACGGAT,GTACACACCGCCCGTC,R3 Mix,CAAGCAGAAGACGGCATACGAGAT,GTGACTGGAGTTCAGACGTGTGCTCTTCCGATCT,NNN,GCTGCYYCTTCATCGDTR
N121SA_A,SSU 38 B,AATGATACGGCGACCACCGAGATC,TACACTCTTTCCCTACACGACGCTCTTCCGATCT,NNNNNN,TCCGAATTGCTA,GTACACACCGCCCGTC,R4 mix,CAAGCAGAAGACGGCATACGAGAT,GTGACTGGAGTTCAGACGTGTGCTCTTCCGATCT,NNNN,GCTGCYYCTTCATCGDTR
N121SA_B,SSU 39 A,AATGATACGGCGACCACCGAGATC,TACACTCTTTCCCTACACGACGCTCTTCCGATCT,NNN,TGCAACCTGTTT,GTACACACCGCCCGTC,R5 mix,CAAGCAGAAGACGGCATACGAGAT,GTGACTGGAGTTCAGACGTGTGCTCTTCCGATCT,NNNNN,GCTGCYYCTTCATCGDTR
N121SA_C,SSU 39 B,AATGATACGGCGACCACCGAGATC,TACACTCTTTCCCTACACGACGCTCTTCCGATCT,NNNN,AACTGACTCACC,GTACACACCGCCCGTC,R6 mix,CAAGCAGAAGACGGCATACGAGAT,GTGACTGGAGTTCAGACGTGTGCTCTTCCGATCT,NNNNNN,GCTGCYYCTTCATCGDTR
N261LU_A,SSU 40 A,AATGATACGGCGACCACCGAGATC,TACACTCTTTCCCTACACGACGCTCTTCCGATCT,NNN,AGACGAGGCTCT,GTACACACCGCCCGTC,R1 Mix,CAAGCAGAAGACGGCATACGAGAT,GTGACTGGAGTTCAGACGTGTGCTCTTCCGATCT,N,GCTGCYYCTTCATCGDTR
N261LU_B,SSU 40 B,AATGATACGGCGACCACCGAGATC,TACACTCTTTCCCTACACGACGCTCTTCCGATCT,NNNN,CTTCTCTCAGAG,GTACACACCGCCCGTC,R2 Mix,CAAGCAGAAGACGGCATACGAGAT,GTGACTGGAGTTCAGACGTGTGCTCTTCCGATCT,NN,GCTGCYYCTTCATCGDTR
N261LU_C,SSU 41 A,AATGATACGGCGACCACCGAGATC,TACACTCTTTCCCTACACGACGCTCTTCCGATCT,NNNNN,CGACTAGGATCT,GTACACACCGCCCGTC,R3 Mix,CAAGCAGAAGACGGCATACGAGAT,GTGACTGGAGTTCAGACGTGTGCTCTTCCGATCT,NNN,GCTGCYYCTTCATCGDTR
O022TU_A,SSU 41 B,AATGATACGGCGACCACCGAGATC,TACACTCTTTCCCTACACGACGCTCTTCCGATCT,NNNNNN,TCCTACCTGCCA,GTACACACCGCCCGTC,R4 mix,CAAGCAGAAGACGGCATACGAGAT,GTGACTGGAGTTCAGACGTGTGCTCTTCCGATCT,NNNN,GCTGCYYCTTCATCGDTR
O022TU_B,SSU 42 A,AATGATACGGCGACCACCGAGATC,TACACTCTTTCCCTACACGACGCTCTTCCGATCT,NNN,AGTCGAACCTGT,GTACACACCGCCCGTC,R5 mix,CAAGCAGAAGACGGCATACGAGAT,GTGACTGGAGTTCAGACGTGTGCTCTTCCGATCT,NNNNN,GCTGCYYCTTCATCGDTR
O022TU_C,SSU 43 A,AATGATACGGCGACCACCGAGATC,TACACTCTTTCCCTACACGACGCTCTTCCGATCT,NNNNN,TATGACTCGAAC,GTACACACCGCCCGTC,R6 mix,CAAGCAGAAGACGGCATACGAGAT,GTGACTGGAGTTCAGACGTGTGCTCTTCCGATCT,NNNNNN,GCTGCYYCTTCATCGDTR
O111BA_A,SSU 43 B,AATGATACGGCGACCACCGAGATC,TACACTCTTTCCCTACACGACGCTCTTCCGATCT,NNNNNN,ACCTGCCTCCCA,GTACACACCGCCCGTC,R2 Mix,CAAGCAGAAGACGGCATACGAGAT,GTGACTGGAGTTCAGACGTGTGCTCTTCCGATCT,NN,GCTGCYYCTTCATCGDTR
O111BA_B,SSU 44 A,AATGATACGGCGACCACCGAGATC,TACACTCTTTCCCTACACGACGCTCTTCCGATCT,NNN,ATGCGCGACGCG,GTACACACCGCCCGTC,R2 Mix,CAAGCAGAAGACGGCATACGAGAT,GTGACTGGAGTTCAGACGTGTGCTCTTCCGATCT,NN,GCTGCYYCTTCATCGDTR
O111BA_C,SSU 44 B,AATGATACGGCGACCACCGAGATC,TACACTCTTTCCCTACACGACGCTCTTCCGATCT,NNNN,GCCTCCCTTCCA,GTACACACCGCCCGTC,R3 Mix,CAAGCAGAAGACGGCATACGAGAT,GTGACTGGAGTTCAGACGTGTGCTCTTCCGATCT,NNN,GCTGCYYCTTCATCGDTR
O121RA_A,SSU 45 A,AATGATACGGCGACCACCGAGATC,TACACTCTTTCCCTACACGACGCTCTTCCGATCT,NNNNN,TAGGACGAGACC,GTACACACCGCCCGTC,R4 mix,CAAGCAGAAGACGGCATACGAGAT,GTGACTGGAGTTCAGACGTGTGCTCTTCCGATCT,NNNN,GCTGCYYCTTCATCGDTR
O121RA_B,SSU 45 B,AATGATACGGCGACCACCGAGATC,TACACTCTTTCCCTACACGACGCTCTTCCGATCT,NNNNNN,GCAACTGGTAGA,GTACACACCGCCCGTC,R5 mix,CAAGCAGAAGACGGCATACGAGAT,GTGACTGGAGTTCAGACGTGTGCTCTTCCGATCT,NNNNN,GCTGCYYCTTCATCGDTR
O121RA_C,SSU 46 A,AATGATACGGCGACCACCGAGATC,TACACTCTTTCCCTACACGACGCTCTTCCGATCT,NNN,CCACTGGGAACA,GTACACACCGCCCGTC,R6 mix,CAAGCAGAAGACGGCATACGAGAT,GTGACTGGAGTTCAGACGTGTGCTCTTCCGATCT,NNNNNN,GCTGCYYCTTCATCGDTR
O241PL_A,SSU 46 B,AATGATACGGCGACCACCGAGATC,TACACTCTTTCCCTACACGACGCTCTTCCGATCT,NNNN,GAGGCCGATACC,GTACACACCGCCCGTC,R1 Mix,CAAGCAGAAGACGGCATACGAGAT,GTGACTGGAGTTCAGACGTGTGCTCTTCCGATCT,N,GCTGCYYCTTCATCGDTR
O241PL_B,SSU 47 A,AATGATACGGCGACCACCGAGATC,TACACTCTTTCCCTACACGACGCTCTTCCGATCT,NNNNN,TGATAGAGGGAT,GTACACACCGCCCGTC,R2 Mix,CAAGCAGAAGACGGCATACGAGAT,GTGACTGGAGTTCAGACGTGTGCTCTTCCGATCT,NN,GCTGCYYCTTCATCGDTR
O241PL_C,SSU 47 B,AATGATACGGCGACCACCGAGATC,TACACTCTTTCCCTACACGACGCTCTTCCGATCT,NNNNNN,GTAACAAGTGAG,GTACACACCGCCCGTC,R3 Mix,CAAGCAGAAGACGGCATACGAGAT,GTGACTGGAGTTCAGACGTGTGCTCTTCCGATCT,NNN,GCTGCYYCTTCATCGDTR
S022PA_A,SSU 48 A,AATGATACGGCGACCACCGAGATC,TACACTCTTTCCCTACACGACGCTCTTCCGATCT,NNN,TGGCAACAGTTT,GTACACACCGCCCGTC,R4 mix,CAAGCAGAAGACGGCATACGAGAT,GTGACTGGAGTTCAGACGTGTGCTCTTCCGATCT,NNNN,GCTGCYYCTTCATCGDTR
S022PA_B,SSU 48 B,AATGATACGGCGACCACCGAGATC,TACACTCTTTCCCTACACGACGCTCTTCCGATCT,NNNN,CAGGTCGAAACC,GTACACACCGCCCGTC,R5 mix,CAAGCAGAAGACGGCATACGAGAT,GTGACTGGAGTTCAGACGTGTGCTCTTCCGATCT,NNNNN,GCTGCYYCTTCATCGDTR
S022PA_C,SSU 49 A,AATGATACGGCGACCACCGAGATC,TACACTCTTTCCCTACACGACGCTCTTCCGATCT,NNNNN,GAACCTGGTCGC,GTACACACCGCCCGTC,R4 mix,CAAGCAGAAGACGGCATACGAGAT,GTGACTGGAGTTCAGACGTGTGCTCTTCCGATCT,NNNN,GCTGCYYCTTCATCGDTR
S031BU_A,SSU 49 B,AATGATACGGCGACCACCGAGATC,TACACTCTTTCCCTACACGACGCTCTTCCGATCT,NNNNNN,CCCTTCCTACCA,GTACACACCGCCCGTC,R1 Mix,CAAGCAGAAGACGGCATACGAGAT,GTGACTGGAGTTCAGACGTGTGCTCTTCCGATCT,N,GCTGCYYCTTCATCGDTR
S031BU_B,SSU 50 A,AATGATACGGCGACCACCGAGATC,TACACTCTTTCCCTACACGACGCTCTTCCGATCT,NNN,CCGATTCAAACA,GTACACACCGCCCGTC,R2 Mix,CAAGCAGAAGACGGCATACGAGAT,GTGACTGGAGTTCAGACGTGTGCTCTTCCGATCT,NN,GCTGCYYCTTCATCGDTR
S031BU_C,SSU 50 B,AATGATACGGCGACCACCGAGATC,TACACTCTTTCCCTACACGACGCTCTTCCGATCT,NNNN,AGCTGGCTCGCT,GTACACACCGCCCGTC,R3 Mix,CAAGCAGAAGACGGCATACGAGAT,GTGACTGGAGTTCAGACGTGTGCTCTTCCGATCT,NNN,GCTGCYYCTTCATCGDTR
S102LR_A,SSU 51 A,AATGATACGGCGACCACCGAGATC,TACACTCTTTCCCTACACGACGCTCTTCCGATCT,NNNNN,ACCGGATTCCTA,GTACACACCGCCCGTC,R4 mix,CAAGCAGAAGACGGCATACGAGAT,GTGACTGGAGTTCAGACGTGTGCTCTTCCGATCT,NNNN,GCTGCYYCTTCATCGDTR
S102LR_B,SSU 51 B,AATGATACGGCGACCACCGAGATC,TACACTCTTTCCCTACACGACGCTCTTCCGATCT,NNNNNN,CTGTTTGAATGG,GTACACACCGCCCGTC,R5 mix,CAAGCAGAAGACGGCATACGAGAT,GTGACTGGAGTTCAGACGTGTGCTCTTCCGATCT,NNNNN,GCTGCYYCTTCATCGDTR
S102LR_C,SSU 52 A,AATGATACGGCGACCACCGAGATC,TACACTCTTTCCCTACACGACGCTCTTCCGATCT,NNN,TATCATACGCAC,GTACACACCGCCCGTC,R6 mix,CAAGCAGAAGACGGCATACGAGAT,GTGACTGGAGTTCAGACGTGTGCTCTTCCGATCT,NNNNNN,GCTGCYYCTTCATCGDTR
S153TR_A,SSU 52 B,AATGATACGGCGACCACCGAGATC,TACACTCTTTCCCTACACGACGCTCTTCCGATCT,NNNN,ACAGGAGGCCGA,GTACACACCGCCCGTC,R1 Mix,CAAGCAGAAGACGGCATACGAGAT,GTGACTGGAGTTCAGACGTGTGCTCTTCCGATCT,N,GCTGCYYCTTCATCGDTR
S153TR_B,SSU 53 A,AATGATACGGCGACCACCGAGATC,TACACTCTTTCCCTACACGACGCTCTTCCGATCT,NNN,TAGCATCAGCCC,GTACACACCGCCCGTC,R2 Mix,CAAGCAGAAGACGGCATACGAGAT,GTGACTGGAGTTCAGACGTGTGCTCTTCCGATCT,NN,GCTGCYYCTTCATCGDTR
S153TR_C,SSU 53 B,AATGATACGGCGACCACCGAGATC,TACACTCTTTCCCTACACGACGCTCTTCCGATCT,NNNN,AGAAGCAGCTGT,GTACACACCGCCCGTC,R3 Mix,CAAGCAGAAGACGGCATACGAGAT,GTGACTGGAGTTCAGACGTGTGCTCTTCCGATCT,NNN,GCTGCYYCTTCATCGDTR
S171MA_A,SSU 54 A,AATGATACGGCGACCACCGAGATC,TACACTCTTTCCCTACACGACGCTCTTCCGATCT,NNNNN,GGAACCAGTTGT,GTACACACCGCCCGTC,R4 mix,CAAGCAGAAGACGGCATACGAGAT,GTGACTGGAGTTCAGACGTGTGCTCTTCCGATCT,NNNN,GCTGCYYCTTCATCGDTR
S171MA_B,SSU 54 B,AATGATACGGCGACCACCGAGATC,TACACTCTTTCCCTACACGACGCTCTTCCGATCT,NNNNNN,TCGTACGAGCGA,GTACACACCGCCCGTC,R5 mix,CAAGCAGAAGACGGCATACGAGAT,GTGACTGGAGTTCAGACGTGTGCTCTTCCGATCT,NNNNN,GCTGCYYCTTCATCGDTR
S171MA_C,SSU 55 A,AATGATACGGCGACCACCGAGATC,TACACTCTTTCCCTACACGACGCTCTTCCGATCT,NNN,ACTCGGACCAGA,GTACACACCGCCCGTC,R6 mix,CAAGCAGAAGACGGCATACGAGAT,GTGACTGGAGTTCAGACGTGTGCTCTTCCGATCT,NNNNNN,GCTGCYYCTTCATCGDTR
S271TO_A,SSU 55 B,AATGATACGGCGACCACCGAGATC,TACACTCTTTCCCTACACGACGCTCTTCCGATCT,NNNN,ATTCGCTCCGAG,GTACACACCGCCCGTC,R1 Mix,CAAGCAGAAGACGGCATACGAGAT,GTGACTGGAGTTCAGACGTGTGCTCTTCCGATCT,N,GCTGCYYCTTCATCGDTR
S271TO_B,SSU 56 A,AATGATACGGCGACCACCGAGATC,TACACTCTTTCCCTACACGACGCTCTTCCGATCT,NNNNN,GCTTCCTCTCTA,GTACACACCGCCCGTC,R2 Mix,CAAGCAGAAGACGGCATACGAGAT,GTGACTGGAGTTCAGACGTGTGCTCTTCCGATCT,NN,GCTGCYYCTTCATCGDTR
S271TO_C,SSU 56 B,AATGATACGGCGACCACCGAGATC,TACACTCTTTCCCTACACGACGCTCTTCCGATCT,NNNNNN,GCTCCGACTAGA,GTACACACCGCCCGTC,R3 Mix,CAAGCAGAAGACGGCATACGAGAT,GTGACTGGAGTTCAGACGTGTGCTCTTCCGATCT,NNN,GCTGCYYCTTCATCGDTR
S281PM_A,SSU 57 A,AATGATACGGCGACCACCGAGATC,TACACTCTTTCCCTACACGACGCTCTTCCGATCT,NNN,AAACGTGGCCGC,GTACACACCGCCCGTC,R4 mix,CAAGCAGAAGACGGCATACGAGAT,GTGACTGGAGTTCAGACGTGTGCTCTTCCGATCT,NNNN,GCTGCYYCTTCATCGDTR
S281PM_B,SSU 57 B,AATGATACGGCGACCACCGAGATC,TACACTCTTTCCCTACACGACGCTCTTCCGATCT,NNNN,CCTCTGACAAGA,GTACACACCGCCCGTC,R5 mix,CAAGCAGAAGACGGCATACGAGAT,GTGACTGGAGTTCAGACGTGTGCTCTTCCGATCT,NNNNN,GCTGCYYCTTCATCGDTR
S281PM_C,SSU 58 A,AATGATACGGCGACCACCGAGATC,TACACTCTTTCCCTACACGACGCTCTTCCGATCT,NNNNN,TAATAAAGGAAC,GTACACACCGCCCGTC,R6 mix,CAAGCAGAAGACGGCATACGAGAT,GTGACTGGAGTTCAGACGTGTGCTCTTCCGATCT,NNNNNN,GCTGCYYCTTCATCGDTR
S301MM_A,SSU 58 B,AATGATACGGCGACCACCGAGATC,TACACTCTTTCCCTACACGACGCTCTTCCGATCT,NNNNNN,ACAAGTGGCAGA,GTACACACCGCCCGTC,R1 Mix,CAAGCAGAAGACGGCATACGAGAT,GTGACTGGAGTTCAGACGTGTGCTCTTCCGATCT,N,GCTGCYYCTTCATCGDTR
S301MM_B,SSU 59 A,AATGATACGGCGACCACCGAGATC,TACACTCTTTCCCTACACGACGCTCTTCCGATCT,NNN,ATAGGGAGCTGG,GTACACACCGCCCGTC,R2 Mix,CAAGCAGAAGACGGCATACGAGAT,GTGACTGGAGTTCAGACGTGTGCTCTTCCGATCT,NN,GCTGCYYCTTCATCGDTR
S301MM_C,SSU 59 B,AATGATACGGCGACCACCGAGATC,TACACTCTTTCCCTACACGACGCTCTTCCGATCT,NNNN,CGTATCTCATAT,GTACACACCGCCCGTC,R3 Mix,CAAGCAGAAGACGGCATACGAGAT,GTGACTGGAGTTCAGACGTGTGCTCTTCCGATCT,NNN,GCTGCYYCTTCATCGDTR
Z042CP_A,SSU 60 A,AATGATACGGCGACCACCGAGATC,TACACTCTTTCCCTACACGACGCTCTTCCGATCT,NNNNN,TGGAACGAGTCT,GTACACACCGCCCGTC,R4 mix,CAAGCAGAAGACGGCATACGAGAT,GTGACTGGAGTTCAGACGTGTGCTCTTCCGATCT,NNNN,GCTGCYYCTTCATCGDTR
Z042CP_B,SSU 60 B,AATGATACGGCGACCACCGAGATC,TACACTCTTTCCCTACACGACGCTCTTCCGATCT,NNNNNN,ATCAGACTCGCG,GTACACACCGCCCGTC,R5 mix,CAAGCAGAAGACGGCATACGAGAT,GTGACTGGAGTTCAGACGTGTGCTCTTCCGATCT,NNNNN,GCTGCYYCTTCATCGDTR
Z042CP_C,SSU 61 A,AATGATACGGCGACCACCGAGATC,TACACTCTTTCCCTACACGACGCTCTTCCGATCT,NNN,TACGACCTGATC,GTACACACCGCCCGTC,R6 mix,CAAGCAGAAGACGGCATACGAGAT,GTGACTGGAGTTCAGACGTGTGCTCTTCCGATCT,NNNNNN,GCTGCYYCTTCATCGDTR
Z071SI_A,SSU 61 B,AATGATACGGCGACCACCGAGATC,TACACTCTTTCCCTACACGACGCTCTTCCGATCT,NNNN,GTAGCGAGTTGG,GTACACACCGCCCGTC,R1 Mix,CAAGCAGAAGACGGCATACGAGAT,GTGACTGGAGTTCAGACGTGTGCTCTTCCGATCT,N,GCTGCYYCTTCATCGDTR
Z071SI_B,SSU 62 A,AATGATACGGCGACCACCGAGATC,TACACTCTTTCCCTACACGACGCTCTTCCGATCT,NNNNN,TACTAACTGACC,GTACACACCGCCCGTC,R2 Mix,CAAGCAGAAGACGGCATACGAGAT,GTGACTGGAGTTCAGACGTGTGCTCTTCCGATCT,NN,GCTGCYYCTTCATCGDTR
Z071SI_C,SSU 62 B,AATGATACGGCGACCACCGAGATC,TACACTCTTTCCCTACACGACGCTCTTCCGATCT,NNNNNN,CCGGTACAACCA,GTACACACCGCCCGTC,R3 Mix,CAAGCAGAAGACGGCATACGAGAT,GTGACTGGAGTTCAGACGTGTGCTCTTCCGATCT,NNN,GCTGCYYCTTCATCGDTR
Z111VV_A,SSU 63 A,AATGATACGGCGACCACCGAGATC,TACACTCTTTCCCTACACGACGCTCTTCCGATCT,NNN,CTCATACTAGCG,GTACACACCGCCCGTC,R4 mix,CAAGCAGAAGACGGCATACGAGAT,GTGACTGGAGTTCAGACGTGTGCTCTTCCGATCT,NNNN,GCTGCYYCTTCATCGDTR
Z111VV_B,SSU 63 B,AATGATACGGCGACCACCGAGATC,TACACTCTTTCCCTACACGACGCTCTTCCGATCT,NNNN,CTACTCAGAGGG,GTACACACCGCCCGTC,R5 mix,CAAGCAGAAGACGGCATACGAGAT,GTGACTGGAGTTCAGACGTGTGCTCTTCCGATCT,NNNNN,GCTGCYYCTTCATCGDTR
Z111VV_C,SSU 64 A,AATGATACGGCGACCACCGAGATC,TACACTCTTTCCCTACACGACGCTCTTCCGATCT,NNNNN,ATCCGCCTCGTG,GTACACACCGCCCGTC,R6 mix,CAAGCAGAAGACGGCATACGAGAT,GTGACTGGAGTTCAGACGTGTGCTCTTCCGATCT,NNNNNN,GCTGCYYCTTCATCGDTR
Z122OU_A,SSU 64 B,AATGATACGGCGACCACCGAGATC,TACACTCTTTCCCTACACGACGCTCTTCCGATCT,NNNNNN,TGTCAAACGTGT,GTACACACCGCCCGTC,R3 Mix,CAAGCAGAAGACGGCATACGAGAT,GTGACTGGAGTTCAGACGTGTGCTCTTCCGATCT,NNN,GCTGCYYCTTCATCGDTR
Z122OU_B,SSU 65 A,AATGATACGGCGACCACCGAGATC,TACACTCTTTCCCTACACGACGCTCTTCCGATCT,NNN,CATGTCTCAAAC,GTACACACCGCCCGTC,R2 Mix,CAAGCAGAAGACGGCATACGAGAT,GTGACTGGAGTTCAGACGTGTGCTCTTCCGATCT,NN,GCTGCYYCTTCATCGDTR
Z122OU_C,SSU 65 B,AATGATACGGCGACCACCGAGATC,TACACTCTTTCCCTACACGACGCTCTTCCGATCT,NNNN,CAATTAAGAAAC,GTACACACCGCCCGTC,R3 Mix,CAAGCAGAAGACGGCATACGAGAT,GTGACTGGAGTTCAGACGTGTGCTCTTCCGATCT,NNN,GCTGCYYCTTCATCGDTR
